<?xml version="1.0" encoding="UTF-8"?>
<project-private xmlns="http://www.netbeans.org/ns/project-private/1">
    <editor-bookmarks xmlns="http://www.netbeans.org/ns/editor-bookmarks/2" lastBookmarkId="0"/>
    <open-files xmlns="http://www.netbeans.org/ns/projectui-open-files/2">
        <group>
            <file>file:/C:/BACKUP%20ONE%20DRIVE/Documents/NetBeansProjects/jdbc_mhs_service/src/jdbc/model/Mahasiswa.java</file>
            <file>file:/C:/BACKUP%20ONE%20DRIVE/Documents/NetBeansProjects/jdbc_mhs_service/src/jdbc/program/Program.java</file>
            <file>file:/C:/BACKUP%20ONE%20DRIVE/Documents/NetBeansProjects/jdbc_mhs_service/src/jdbc/utilities/MysqlUtility.java</file>
            <file>file:/C:/BACKUP%20ONE%20DRIVE/Documents/NetBeansProjects/jdbc_mhs_service/src/jdbc/service/MysqlMahasiswaService.java</file>
        </group>
    </open-files>
</project-private>
